{"accuracy": [0.6266311407089233, 0.8522610068321228, 0.9004407525062561, 0.9238613247871399, 0.9407629370689392, 0.9500462412834167, 0.9592098593711853, 0.9641290903091431, 0.969048261642456, 0.9714425802230835], "loss": [1.280531406402588, 0.4563363492488861, 0.3002646267414093, 0.2237449288368225, 0.17293356359004974, 0.14030610024929047, 0.11481783539056778, 0.10333582013845444, 0.08887848258018494, 0.08205296844244003], "val_accuracy": [0.8598465323448181, 0.9097567796707153, 0.9428307414054871, 0.9396310448646545, 0.9517113566398621, 0.9696577191352844, 0.9716493487358093, 0.9737389087677002, 0.9777330160140991, 0.9758720397949219], "val_loss": [0.4392094314098358, 0.2670160233974457, 0.17144623398780823, 0.17039555311203003, 0.1327018290758133, 0.08353862911462784, 0.07799899578094482, 0.0726633071899414, 0.061976246535778046, 0.06747138500213623]}